target,mean_delta,median_delta,positive_fraction,n_folds
CAB,-0.04159920574556919,-0.0323389092028854,0.0,3
CDS,-0.05545135230205983,-0.05545135230205983,0.5,2
EID,-0.18064334861871023,-0.015540301424803005,0.3333333333333333,3
EXC,0.0,0.0,0.0,3
GRI,-0.021238459987672115,0.0,0.0,3
INF,-0.16417179770087034,-0.12970328585612734,0.3333333333333333,3
INT,0.0,0.0,0.0,3
INV,-0.12597971335630384,-0.11874346164090377,0.0,3
STC,0.0,0.0,0.0,3
TPD,0.06392560239170832,-0.08074973125647328,0.3333333333333333,3
