target,n_folds,r2_mean,r2_sd,bnmae_mean,zero_bnmae_mean,skill_vs_zero
CAB,3,0.001733561389425135,0.09365457749246493,0.9913463490924181,0.9804629909615534,-0.011100223293682099
CDS,1,-0.154945614189095,,0.6421484518082629,0.6047024912887315,-0.06192460103765596
EID,3,-0.1357512133103392,0.15934494167011976,1.4493356732882579,1.293518213055844,-0.12046019813227549
EXC,3,-0.351277246384845,0.19329215468649408,1.561815479000854,1.6104244939906842,0.030183976442990756
GRI,3,-0.5034762288821105,0.31495117454731386,0.7267278210957642,0.6546386900450387,-0.1101204865324501
INF,3,-0.05331873742692741,0.08928677170934755,1.488761654958345,1.485221012775149,-0.002383916031850397
INT,3,-1.3921930201525605,1.6507128585106092,1.0641219199207077,0.628590970946845,-0.6928686047109831
INV,3,-0.18590765094339282,0.251588294662181,0.7591355549731688,0.6005102206936945,-0.2641509316797874
STC,3,-0.30354498845174943,0.20273650185520065,1.6773927133175839,1.759704229992386,0.04677576792274818
TPD,3,-0.3955934496634314,0.3225907334839589,1.7098792612535132,1.6070224130143778,-0.06400461338071906
