target,n_folds,inner_ridge_wins,inner_xgb_wins,outer_r2_ridge_wins,outer_r2_xgb_wins,outer_bnmae_ridge_wins,outer_bnmae_xgb_wins,mean_ridge_outer_r2,mean_xgb_outer_r2,mean_ridge_outer_bnmae,mean_xgb_outer_bnmae
CAB,3,3,0,2,1,1,2,0.8078883256102781,0.7829150759463946,0.6691513456319192,0.7347914544121713
CDS,2,1,1,2,0,2,0,0.6864613479991301,0.529953723997838,1.3225033934114085,1.6650619059250658
EID,3,2,1,1,2,1,2,0.9530769947980922,0.9451298642796838,0.8129840075416707,0.9352112949750725
EXC,3,1,2,3,0,0,3,0.989367437162973,0.7144681721879094,14.164851104712154,6.885916552462024
GRI,3,0,3,0,3,0,3,0.8219734197901162,0.8563083118346272,0.9826651627396338,0.7398480053831481
INF,3,0,3,3,0,1,2,0.586911008128015,0.4228436125676008,1.6334985374490945,1.4801027219897598
INT,3,2,1,1,2,1,2,0.6204879201326353,0.6676741314615171,1.1785035853348813,1.3405217306820132
INV,3,3,0,2,1,1,2,0.6964808563040075,0.6447339497860755,0.8462360429459306,0.7622696993675304
STC,3,0,3,1,2,0,3,0.8472700393486226,0.9222093233506445,17.744525916322974,5.336792112029367
TPD,3,3,0,3,0,3,0,0.7957227311989112,0.42967386419161585,0.9406581370534609,1.6541304224224789
