target,n_folds,r2_mean,r2_sd,bnmae_mean,bnmae_sd,persistence_bnmae_mean,skill_vs_persistence_mean,persistence_r2_mean,n_sources_mean,models_by_fold
CAB,3,0.8456890183933469,0.10272862242462745,0.6142300486367299,0.14486946581840854,0.5889687372156825,-0.09979447942318907,0.8192617314291962,3.0,Ridge;Ridge;Ridge
CDS,2,0.6778322961121401,0.21807713335305867,1.2991926411498893,0.5926418694472421,0.8676138616511533,-0.5187952501615924,0.8723338582143741,2.5,XGB;Ridge
EID,3,0.9559932065784675,0.038977978215311675,0.8048956908117314,0.3518008169239501,0.590117811981716,-0.3959952877162034,0.9781675566874695,2.6666666666666665,Ridge;Ridge;Ridge
EXC,3,0.9940278387457352,0.0016787319216259862,0.6961422818440749,0.33915573238689817,0.6002664809432465,-0.1480834242387762,0.9949264569973213,0.0,Ridge;Ridge;Ridge
GRI,3,0.862967748159265,0.12385666942577167,0.6825799195877241,0.1805050041014535,0.6521159883343517,-0.10059920018881068,0.8604837038600316,1.3333333333333333,Ridge;Ridge;XGB
INF,3,0.4196614550617845,0.2833610982531305,1.5262290022210685,0.35106856125075575,1.499971651504947,-0.15938243658309534,0.6033053135731464,4.666666666666667,XGB;XGB;XGB
INT,3,0.8654868635271722,0.0966041959757579,0.6677450934673631,0.7131601232161898,0.31181529424438315,-0.7837766357913422,0.9147686559564452,0.0,XGB;Ridge;Ridge
INV,3,0.7491674566680295,0.1863381551808572,0.6954953223876229,0.23526872485933956,0.402333112720705,-0.7134365799840118,0.8998281948915849,4.333333333333333,XGB;Ridge;Ridge
STC,3,0.9671598801462619,0.012414986606615145,0.7457751192802418,0.2840489549424111,0.6890543048762495,-0.06126580682731514,0.9672405675102617,0.0,Ridge;Ridge;Ridge
TPD,3,0.8284319678259718,0.03805520196675117,0.8592643793005608,0.49466253895333206,0.6697726465245598,-0.3373461867030512,0.8683255986413417,4.333333333333333,Ridge;Ridge;Ridge
