target,n_folds,self_lag1_share_mean,self_lag2_share_mean,self_total_share_mean,cross_share_mean
CAB,3,0.4075056898859908,0.2947565117761381,0.7022622016621289,0.29773779833787106
CDS,2,0.5391509943012411,0.11077371617881812,0.6499247104800593,0.3500752895199407
EID,3,0.7099702356494358,0.1545712343125813,0.8645414699620172,0.13545853003798278
EXC,3,0.7898191149246037,0.21018088507539637,1.0,0.0
GRI,3,0.740553293014839,0.15123125378805255,0.8917845468028917,0.10821545319710842
INF,3,0.23028337937171572,0.11906946761212193,0.3493528469838376,0.6506471530161623
INT,3,0.6027631651145618,0.3972368348854382,1.0,0.0
INV,3,0.5195452792404988,0.051436828054927046,0.5709821072954259,0.42901789270457424
STC,3,0.7807500905846911,0.21924990941530895,1.0,0.0
TPD,3,0.5854858328263126,0.10631041206412595,0.6917962448904386,0.3082037551095614
