source,target,W,W_sd,S_select,S_incremental,mean_delta_nmae,D,strict_incremental
INT,INF,0.34398147499828857,0.2978970989898285,0.6666666666666666,0.3333333333333333,-0.059985410103647996,-0.1603180490815478,False
INT,INV,0.19169272479050348,0.10206078352944344,1.0,0.6666666666666666,0.0230657897780648,0.3246282263186357,True
EXC,INF,0.1494261147655137,0.02652250213420349,1.0,0.6666666666666666,-0.0009623849995889326,-0.7632369997219216,False
INV,CDS,0.13814398888020887,0.0695006085441984,1.0,1.0,0.042990846276338104,-0.25240311646743574,True
TPD,CAB,0.13476257705338787,0.14459527419026988,0.6666666666666666,0.0,-0.0261733032264226,-0.3705426021892766,False
EXC,TPD,0.09375185075611607,0.10025779833907314,0.6666666666666666,0.3333333333333333,-0.0019497475310733996,-0.01010278670481815,False
CDS,TPD,0.09130023599080568,0.06904775610773194,1.0,0.3333333333333333,0.11020954636644453,0.5190900560734139,False
INF,INV,0.07545352192211534,0.07530682099815635,0.6666666666666666,0.3333333333333333,-0.0043118619252573015,0.04452521597734671,False
INT,TPD,0.07233758774628099,0.06791928679234531,0.6666666666666666,0.0,-0.03701561980604525,0.3573971603193499,False
CDS,INV,0.05013568576163169,0.04359745726621219,1.0,0.0,-0.1053295416195422,-0.06945769982103635,False
CAB,INV,0.03936872973715053,0.034236714027985005,0.6666666666666666,0.0,-0.0795193965436137,-0.13605565545393228,False
GRI,INF,0.028776324921945543,0.030401668177584083,0.6666666666666666,0.3333333333333333,-0.025697208977901398,-0.3294772896066387,False
CAB,INF,0.026843615096862557,0.028508276910802044,0.6666666666666666,0.3333333333333333,0.0006767458389679501,0.047481053301627524,False
GRI,EID,0.02662621933150841,0.023075362568609002,0.6666666666666666,0.3333333333333333,0.0008798389412809507,0.05555849060970983,False
GRI,CAB,0.023792433918936276,0.022895269589805298,0.6666666666666666,0.3333333333333333,0.0104398526466934,0.0836295138742447,False
INF,TPD,0.022577750549963943,0.019557332330264035,0.6666666666666666,0.3333333333333333,-0.0055559122198191,-0.8757289878073051,False
INV,INF,0.022010040678167645,0.016419029415559228,1.0,0.3333333333333333,-0.020885676922770102,-0.1957105277856901,False
GRI,TPD,0.020239869196531538,0.021213321857940205,1.0,0.6666666666666666,0.024934841684623135,-0.13483551217688053,True
INF,EID,0.00735332692184053,0.008000372792020581,0.6666666666666666,0.0,-0.14774614811860576,0.9938516350119592,False
